{
  "ZIP": 0.10810810810810811,
  "EMAIL": 0.0,
  "ADDRESS": 0.10810810810810811,
  "FIRM_NAME": 0.0,
  "PHONE": 0.05405405405405406,
  "STATE": 0.10810810810810811,
  "FIRST_NAME": 0.2702702702702703,
  "COUNTRY": 0.0,
  "CITY": 0.02702702702702703,
  "LAST_NAME": 0.24324324324324326,
  "MIDDLE_NAME": 0.08108108108108109,
  "OFFICE_NAME": 0.0
}