{
  "Zip": 0.10810810810810811,
  "Email": 0.0,
  "Address": 0.10810810810810811,
  "FirmName": 0.0,
  "Phone": 0.05405405405405406,
  "State": 0.10810810810810811,
  "FirstName": 0.2702702702702703,
  "Country": 0.0,
  "City": 0.02702702702702703,
  "LastName": 0.24324324324324326,
  "MiddleName": 0.08108108108108109,
  "OfficeName": 0.0
}